{
  "project_info": {
    "project_number": "3975539107",
    "firebase_url": "https://crypto-6e158-default-rtdb.firebaseio.com",
    "project_id": "crypto-6e158",
    "storage_bucket": "crypto-6e158.appspot.com"
  },
  "client": [
    {
      "client_info": {
        "mobilesdk_app_id": "1:3975539107:android:0a1a5e58cd47d07c105216",
        "android_client_info": {
          "package_name": "com.example.crypto"
        }
      },
      "oauth_client": [
        {
          "client_id": "3975539107-mfitdrcmvm4gui3s3jnv5sn06g06267l.apps.googleusercontent.com",
          "client_type": 3
        }
      ],
      "api_key": [
        {
          "current_key": "AIzaSyDgLIp12HmAIuIcanq_FZTXHgUgOl7K3qI"
        }
      ],
      "services": {
        "appinvite_service": {
          "other_platform_oauth_client": [
            {
              "client_id": "3975539107-mfitdrcmvm4gui3s3jnv5sn06g06267l.apps.googleusercontent.com",
              "client_type": 3
            }
          ]
        }
      }
    }
  ],
  "configuration_version": "1"
}